{"images": [{"file_name": "img_1.jpg", "height": 218, "width": 231, "id": "img_1"}, {"file_name": "img_10.jpg", "height": 194, "width": 259, "id": "img_10"}, {"file_name": "img_11.jpg", "height": 186, "width": 271, "id": "img_11"}, {"file_name": "img_12.jpg", "height": 166, "width": 303, "id": "img_12"}, {"file_name": "img_13.jpg", "height": 190, "width": 265, "id": "img_13"}, {"file_name": "img_14.jpg", "height": 700, "width": 546, "id": "img_14"}, {"file_name": "img_15.jpg", "height": 212, "width": 238, "id": "img_15"}, {"file_name": "img_16.jpg", "height": 183, "width": 275, "id": "img_16"}, {"file_name": "img_17.jpg", "height": 201, "width": 250, "id": "img_17"}, {"file_name": "img_18.jpg", "height": 194, "width": 259, "id": "img_18"}, {"file_name": "img_19.jpg", "height": 225, "width": 225, "id": "img_19"}, {"file_name": "img_2.jpg", "height": 183, "width": 276, "id": "img_2"}, {"file_name": "img_20.jpg", "height": 331, "width": 500, "id": "img_20"}, {"file_name": "img_21.jpg", "height": 168, "width": 300, "id": "img_21"}, {"file_name": "img_22.jpg", "height": 178, "width": 284, "id": "img_22"}, {"file_name": "img_23.jpg", "height": 183, "width": 275, "id": "img_23"}, {"file_name": "img_24.jpg", "height": 199, "width": 254, "id": "img_24"}, {"file_name": "img_25.jpg", "height": 175, "width": 287, "id": "img_25"}, {"file_name": "img_26.jpg", "height": 192, "width": 262, "id": "img_26"}, {"file_name": "img_27.jpg", "height": 200, "width": 252, "id": "img_27"}, {"file_name": "img_28.jpg", "height": 225, "width": 225, "id": "img_28"}, {"file_name": "img_29.jpg", "height": 194, "width": 259, "id": "img_29"}, {"file_name": "img_3.jpg", "height": 210, "width": 240, "id": "img_3"}, {"file_name": "img_30.jpg", "height": 183, "width": 275, "id": "img_30"}, {"file_name": "img_31.jpg", "height": 183, "width": 275, "id": "img_31"}, {"file_name": "img_32.jpg", "height": 183, "width": 275, "id": "img_32"}, {"file_name": "img_33.jpg", "height": 183, "width": 275, "id": "img_33"}, {"file_name": "img_34.jpg", "height": 224, "width": 225, "id": "img_34"}, {"file_name": "img_35.jpg", "height": 194, "width": 259, "id": "img_35"}, {"file_name": "img_36.jpg", "height": 194, "width": 259, "id": "img_36"}, {"file_name": "img_37.jpg", "height": 533, "width": 800, "id": "img_37"}, {"file_name": "img_38.jpg", "height": 900, "width": 600, "id": "img_38"}, {"file_name": "img_39.jpg", "height": 288, "width": 384, "id": "img_39"}, {"file_name": "img_4.jpg", "height": 235, "width": 214, "id": "img_4"}, {"file_name": "img_40.jpg", "height": 183, "width": 275, "id": "img_40"}, {"file_name": "img_5.jpg", "height": 245, "width": 206, "id": "img_5"}, {"file_name": "img_6.jpg", "height": 184, "width": 274, "id": "img_6"}, {"file_name": "img_7.jpg", "height": 402, "width": 352, "id": "img_7"}, {"file_name": "img_8.jpg", "height": 439, "width": 353, "id": "img_8"}, {"file_name": "img_9.jpg", "height": 402, "width": 352, "id": "img_9"}], "type": "instances", "annotations": [{"area": 11072, "iscrowd": 0, "image_id": "img_1", "bbox": [34, 66, 173, 64], "category_id": 0, "id": 1, "ignore": 0, "segmentation": []}, {"area": 11700, "iscrowd": 0, "image_id": "img_10", "bbox": [64, 50, 130, 90], "category_id": 0, "id": 2, "ignore": 0, "segmentation": []}, {"area": 5724, "iscrowd": 0, "image_id": "img_11", "bbox": [106, 38, 53, 108], "category_id": 0, "id": 3, "ignore": 0, "segmentation": []}, {"area": 9760, "iscrowd": 0, "image_id": "img_12", "bbox": [124, 9, 80, 122], "category_id": 0, "id": 4, "ignore": 0, "segmentation": []}, {"area": 14337, "iscrowd": 0, "image_id": "img_13", "bbox": [55, 57, 177, 81], "category_id": 0, "id": 5, "ignore": 0, "segmentation": []}, {"area": 102480, "iscrowd": 0, "image_id": "img_14", "bbox": [154, 123, 244, 420], "category_id": 0, "id": 6, "ignore": 0, "segmentation": []}, {"area": 6165, "iscrowd": 0, "image_id": "img_15", "bbox": [86, 42, 45, 137], "category_id": 0, "id": 7, "ignore": 0, "segmentation": []}, {"area": 3069, "iscrowd": 0, "image_id": "img_16", "bbox": [117, 49, 31, 99], "category_id": 0, "id": 8, "ignore": 0, "segmentation": []}, {"area": 5096, "iscrowd": 0, "image_id": "img_17", "bbox": [95, 50, 49, 104], "category_id": 0, "id": 9, "ignore": 0, "segmentation": []}, {"area": 9085, "iscrowd": 0, "image_id": "img_18", "bbox": [30, 84, 115, 79], "category_id": 0, "id": 10, "ignore": 0, "segmentation": []}, {"area": 11799, "iscrowd": 0, "image_id": "img_19", "bbox": [31, 67, 171, 69], "category_id": 0, "id": 11, "ignore": 0, "segmentation": []}, {"area": 9849, "iscrowd": 0, "image_id": "img_2", "bbox": [91, 13, 67, 147], "category_id": 0, "id": 12, "ignore": 0, "segmentation": []}, {"area": 32208, "iscrowd": 0, "image_id": "img_20", "bbox": [152, 34, 132, 244], "category_id": 0, "id": 13, "ignore": 0, "segmentation": []}, {"area": 3182, "iscrowd": 0, "image_id": "img_21", "bbox": [106, 63, 86, 37], "category_id": 1, "id": 14, "ignore": 0, "segmentation": []}, {"area": 4320, "iscrowd": 0, "image_id": "img_22", "bbox": [87, 78, 108, 40], "category_id": 1, "id": 15, "ignore": 0, "segmentation": []}, {"area": 5000, "iscrowd": 0, "image_id": "img_23", "bbox": [66, 89, 125, 40], "category_id": 1, "id": 16, "ignore": 0, "segmentation": []}, {"area": 4180, "iscrowd": 0, "image_id": "img_24", "bbox": [62, 46, 55, 76], "category_id": 1, "id": 17, "ignore": 0, "segmentation": []}, {"area": 12272, "iscrowd": 0, "image_id": "img_25", "bbox": [39, 78, 236, 52], "category_id": 1, "id": 18, "ignore": 0, "segmentation": []}, {"area": 2109, "iscrowd": 0, "image_id": "img_26", "bbox": [105, 74, 111, 19], "category_id": 1, "id": 19, "ignore": 0, "segmentation": []}, {"area": 3871, "iscrowd": 0, "image_id": "img_27", "bbox": [108, 61, 49, 79], "category_id": 1, "id": 20, "ignore": 0, "segmentation": []}, {"area": 12915, "iscrowd": 0, "image_id": "img_28", "bbox": [44, 42, 105, 123], "category_id": 1, "id": 21, "ignore": 0, "segmentation": []}, {"area": 6710, "iscrowd": 0, "image_id": "img_29", "bbox": [76, 12, 55, 122], "category_id": 1, "id": 22, "ignore": 0, "segmentation": []}, {"area": 14700, "iscrowd": 0, "image_id": "img_3", "bbox": [72, 16, 84, 175], "category_id": 0, "id": 23, "ignore": 0, "segmentation": []}, {"area": 2736, "iscrowd": 0, "image_id": "img_30", "bbox": [59, 91, 114, 24], "category_id": 1, "id": 24, "ignore": 0, "segmentation": []}, {"area": 7040, "iscrowd": 0, "image_id": "img_31", "bbox": [84, 47, 88, 80], "category_id": 1, "id": 25, "ignore": 0, "segmentation": []}, {"area": 1898, "iscrowd": 0, "image_id": "img_32", "bbox": [95, 87, 73, 26], "category_id": 1, "id": 26, "ignore": 0, "segmentation": []}, {"area": 4897, "iscrowd": 0, "image_id": "img_33", "bbox": [119, 50, 59, 83], "category_id": 1, "id": 27, "ignore": 0, "segmentation": []}, {"area": 3700, "iscrowd": 0, "image_id": "img_34", "bbox": [73, 75, 37, 100], "category_id": 1, "id": 28, "ignore": 0, "segmentation": []}, {"area": 5328, "iscrowd": 0, "image_id": "img_35", "bbox": [86, 58, 72, 74], "category_id": 1, "id": 29, "ignore": 0, "segmentation": []}, {"area": 2368, "iscrowd": 0, "image_id": "img_36", "bbox": [107, 46, 37, 64], "category_id": 1, "id": 30, "ignore": 0, "segmentation": []}, {"area": 25440, "iscrowd": 0, "image_id": "img_37", "bbox": [506, 197, 159, 160], "category_id": 1, "id": 31, "ignore": 0, "segmentation": []}, {"area": 42336, "iscrowd": 0, "image_id": "img_38", "bbox": [260, 399, 112, 378], "category_id": 1, "id": 32, "ignore": 0, "segmentation": []}, {"area": 11918, "iscrowd": 0, "image_id": "img_39", "bbox": [141, 75, 118, 101], "category_id": 1, "id": 33, "ignore": 0, "segmentation": []}, {"area": 10143, "iscrowd": 0, "image_id": "img_4", "bbox": [69, 41, 69, 147], "category_id": 0, "id": 34, "ignore": 0, "segmentation": []}, {"area": 6248, "iscrowd": 0, "image_id": "img_40", "bbox": [83, 51, 88, 71], "category_id": 1, "id": 35, "ignore": 0, "segmentation": []}, {"area": 4104, "iscrowd": 0, "image_id": "img_5", "bbox": [78, 75, 36, 114], "category_id": 0, "id": 36, "ignore": 0, "segmentation": []}, {"area": 11400, "iscrowd": 0, "image_id": "img_6", "bbox": [86, 34, 95, 120], "category_id": 0, "id": 37, "ignore": 0, "segmentation": []}, {"area": 17336, "iscrowd": 0, "image_id": "img_7", "bbox": [116, 125, 88, 197], "category_id": 0, "id": 38, "ignore": 0, "segmentation": []}, {"area": 9747, "iscrowd": 0, "image_id": "img_8", "bbox": [168, 146, 57, 171], "category_id": 0, "id": 39, "ignore": 0, "segmentation": []}, {"area": 12224, "iscrowd": 0, "image_id": "img_9", "bbox": [160, 98, 64, 191], "category_id": 0, "id": 40, "ignore": 0, "segmentation": []}], "categories": [{"supercategory": "none", "id": 0, "name": "paddy stem borer"}, {"supercategory": "none", "id": 1, "name": "spodoptera exigua"}]}